<?xml version="1.0" encoding="utf-8" ?>
<dwsync>
<file name="Roboto-Bold.eot" server="robux.exchange" local="131028169860741406" remote="131020936200000000" Dst="2" />
<file name="Roboto-Bold.ttf" server="robux.exchange" local="131028169823944505" remote="131020936200000000" Dst="2" />
<file name="Roboto-Bold.woff" server="robux.exchange" local="131028169822039499" remote="131020936200000000" Dst="2" />
<file name="Roboto-Bold.woff2" server="robux.exchange" local="131028169863626478" remote="131020936200000000" Dst="2" />
<file name="Roboto-Light.eot" server="robux.exchange" local="131028169837142257" remote="131020936200000000" Dst="2" />
<file name="Roboto-Light.woff" server="robux.exchange" local="131028169842819477" remote="131020936200000000" Dst="2" />
<file name="Roboto-Light.ttf" server="robux.exchange" local="131028169844534676" remote="131020936200000000" Dst="2" />
<file name="Roboto-Light.woff2" server="robux.exchange" local="131028169839823455" remote="131020936200000000" Dst="2" />
<file name="Roboto-Medium.eot" server="robux.exchange" local="131028169852744917" remote="131020936200000000" Dst="2" />
<file name="Roboto-Medium.ttf" server="robux.exchange" local="131028169859381341" remote="131020936200000000" Dst="2" />
<file name="Roboto-Medium.woff2" server="robux.exchange" local="131028169856340717" remote="131020936200000000" Dst="2" />
<file name="Roboto-Medium.woff" server="robux.exchange" local="131028169857800892" remote="131020936200000000" Dst="2" />
<file name="Roboto-Regular.eot" server="robux.exchange" local="131028169844059558" remote="131020936200000000" Dst="2" />
<file name="Roboto-Regular.woff" server="robux.exchange" local="131028169850459811" remote="131020936200000000" Dst="2" />
<file name="Roboto-Regular.ttf" server="robux.exchange" local="131028169851839808" remote="131020936200000000" Dst="2" />
<file name="Roboto-Regular.woff2" server="robux.exchange" local="131028169848174687" remote="131020936200000000" Dst="2" />
<file name="Roboto-Thin.eot" server="robux.exchange" local="131028169827619825" remote="131020936200000000" Dst="2" />
<file name="Roboto-Thin.ttf" server="robux.exchange" local="131028169836261372" remote="131020936200000000" Dst="2" />
<file name="Roboto-Thin.woff" server="robux.exchange" local="131028169833861025" remote="131020936200000000" Dst="2" />
<file name="Roboto-Thin.woff2" server="robux.exchange" local="131028169832890621" remote="131020936200000000" Dst="2" />
</dwsync>